freqRed;freqBlue;select _color;temp_C;press;env
125;54;blue;23.04 ;751.18;env A
123;54;blue;23.03;751.19;env A
125;53;blue;23.04;751.16;env A
123;53;blue;23.03;751.19;env A
125;54;blue;23.04;751.16;env A
123;54;blue;23.04;751.20;env A
117;53;blue;23.04;751.16;env A
124;54;blue;23.04;751.20;env A
123;54;blue;23.03;751.22;env A
123;53;blue;23.04;751.20;env A
123;53;blue;23.03;751.22;env A
123;47;blue;23.04;751.18;env A
117;54;blue;23.03;751.22;env A
123;54;blue;23.04;751.18;env A
123;54;blue;23.03;751.16;env A
123;53;blue;23.04;751.18;env A
123;53;blue;23.03;751.16;env A
117;53;blue;23.02;751.16;env A
123;54;blue;23.03;751.16;env A
123;53;blue;23.02;751.16;env A
123;54;blue;23.03;751.19;env A
124;53;blue;23.02;751.16;env A
123;54;blue;23.03;751.19;env A
123;53;blue;23.02;751.21;env A
125;54;blue;23.03;751.19;env A
123;54;blue;23.02;751.21;env A
123;54;blue;23.02;751.20;env A
123;47;blue;23.02;751.21;env A
123;53;blue;23.02;751.20;env A
123;54;blue;23.01;751.15;env A
123;47;blue;23.02;751.20;env A
123;53;blue;23.01;751.15;env A
123;53;blue;23.02;751.12;env A
117;54;blue;23.01;751.15;env A
123;53;blue;23.02;751.12;env A
123;53;blue;23.02;751.18;env A
123;53;blue;23.02;751.12;env A
123;53;blue;23.02;751.18;env A
125;54;blue;23.03;751.23;env A
123;54;blue;23.02;751.18;env A
123;54;blue;23.03;751.23;env A
125;53;blue;23.02;751.17;env A
123;53;blue;23.03;751.23;env A
123;53;blue;23.02;751.17;env A
123;53;blue;23.01;751.18;env A
123;54;blue;23.02;751.17;env A
117;54;blue;23.01;751.18;env A
123;53;blue;23.02;751.11;env A
123;53;blue;23.01;751.18;env A
124;54;blue;23.02;751.11;env A
124;54;blue;23.01;751.16;env A
123;53;blue;23.02;751.11;env A
123;54;blue;23.01;751.16;env A
123;54;blue;23.01;751.15;env A
123;53;blue;23.01;751.16;env A
123;54;blue;23.01;751.15;env A
123;53;blue;23.02;751.24;env A
123;53;blue;23.01;751.15;env A
125;53;blue;23.02;751.24;env A
123;53;blue;23.02;751.19;env A
123;53;blue;23.02;751.24;env A
123;54;blue;23.02;751.19;env A
123;54;blue;23.01;751.20;env A
117;54;blue;23.02;751.19;env A
123;54;blue;23.01;751.20;env A
117;54;blue;23.01;751.22;env A
123;53;blue;23.01;751.20;env A
123;53;blue;23.01;751.22;env A
119;53;blue;23.01;751.20;env A
123;53;blue;23.01;751.22;env A
123;54;blue;23.01;751.20;env A
123;53;blue;23.01;751.15;env A
123;54;blue;23.01;751.20;env A
123;54;blue;23.01;751.15;env A
123;54;blue;23.02;751.21;env A
123;47;blue;23.01;751.15;env A
123;53;blue;23.02;751.21;env A
123;54;blue;23.01;751.13;env A
117;54;blue;23.02;751.21;env A
123;54;blue;23.01;751.13;env A
123;54;blue;23.00;751.16;env A
123;54;blue;23.01;751.13;env A
125;54;blue;23.00;751.16;env A
123;54;blue;23.00;751.17;env A
123;54;blue;23.00;751.16;env A
117;54;blue;23.00;751.17;env A
123;53;blue;23.01;751.20;env A
123;47;blue;23.00;751.17;env A
117;53;blue;23.01;751.20;env A
124;53;blue;23.01;751.22;env A
123;54;blue;23.01;751.20;env A
123;54;blue;23.01;751.22;env A
123;54;blue;23.01;751.21;env A
123;54;blue;23.01;751.22;env A
123;53;blue;23.01;751.21;env A
123;54;blue;23.00;751.15;env A
123;54;blue;23.01;751.21;env A
123;54;blue;23.00;751.15;env A
123;53;blue;23.00;751.16;env A
125;54;blue;23.00;751.15;env A
123;53;blue;23.00;751.16;env A
125;53;blue;23.01;751.22;env A
123;54;blue;23.00;751.16;env A
123;53;blue;23.01;751.22;env A
123;54;blue;23.00;751.18;env A
123;54;blue;23.01;751.22;env A
123;52;blue;23.00;751.18;env A
123;54;blue;23.00;751.20;env A
123;53;blue;23.00;751.18;env A
123;54;blue;23.00;751.20;env A
123;53;blue;23.02;751.25;env A
123;54;blue;23.00;751.20;env A
123;53;blue;23.02;751.25;env A
123;53;blue;23.01;751.21;env A
123;48;blue;23.02;751.25;env A
123;53;blue;23.01;751.21;env A
123;53;blue;23.01;751.20;env A
123;54;blue;23.01;751.21;env A
125;54;blue;23.01;751.20;env A
123;54;blue;23.00;751.19;env A
117;53;blue;23.01;751.20;env A
125;54;blue;23.00;751.19;env A
123;48;blue;23.00;751.17;env A
124;53;blue;23.00;751.19;env A
123;53;blue;23.00;751.17;env A
123;54;blue;23.00;751.18;env A
120;54;blue;23.00;751.17;env A
123;54;blue;23.00;751.18;env A
121;53;blue;22.99;751.14;env A
123;53;blue;23.00;751.18;env A
123;53;blue;22.99;751.14;env A
123;54;blue;23.00;751.18;env A
123;53;blue;22.99;751.14;env A
117;54;blue;23.00;751.18;env A
124;54;blue;22.99;751.17;env A
119;53;blue;23.00;751.18;env A
123;53;blue;22.99;751.17;env A
123;53;blue;22.99;751.18;env A
123;54;blue;22.99;751.17;env A
125;53;blue;22.99;751.18;env A
123;54;blue;22.99;751.20;env A
123;53;blue;22.99;751.18;env A
117;53;blue;22.99;751.20;env A
123;54;blue;22.99;751.18;env A
123;54;blue;22.99;751.20;env A
123;54;blue;22.99;751.18;env A
123;51;blue;23.00;751.18;env A
123;53;blue;22.99;751.18;env A
123;54;blue;23.00;751.18;env A
117;54;blue;23.00;751.26;env A
125;54;blue;23.00;751.18;env A
125;54;blue;23.00;751.26;env A
124;53;blue;22.99;751.20;env A
123;54;blue;23.00;751.26;env A
117;53;blue;22.99;751.20;env A
123;54;blue;22.99;751.18;env A
123;47;blue;22.99;751.20;env A
116;54;blue;22.99;751.18;env A
125;54;blue;22.99;751.19;env A
123;53;blue;22.99;751.18;env A
117;54;blue;22.99;751.19;env A
123;53;blue;23.00;751.23;env A
123;53;blue;22.99;751.19;env A
123;54;blue;23.00;751.23;env A
123;53;blue;23.00;751.15;env A
122;53;blue;23.00;751.23;env A
123;53;blue;23.00;751.15;env A
123;53;blue;22.99;751.21;env A
123;53;blue;23.00;751.15;env A
125;53;blue;22.99;751.21;env A
123;53;blue;22.99;751.18;env A
117;53;blue;22.99;751.21;env A
125;53;blue;22.99;751.18;env A
123;53;blue;22.99;751.16;env A
124;53;blue;22.99;751.18;env A
117;54;blue;22.99;751.16;env A
123;53;blue;23.00;751.20;env A
123;54;blue;22.99;751.16;env A
123;53;blue;23.00;751.20;env A
123;53;blue;22.99;751.16;env A
123;54;blue;23.00;751.20;env A
123;54;blue;22.99;751.16;env A
123;53;blue;23.00;751.19;env A
123;54;blue;22.99;751.16;env A
123;54;blue;23.00;751.19;env A
123;53;blue;22.98;751.16;env A
123;54;blue;23.00;751.19;env A
123;53;blue;22.98;751.16;env A
116;53;blue;22.99;751.17;env A
125;53;blue;22.98;751.16;env A
123;53;blue;22.99;751.17;env A
123;54;blue;22.99;751.19;env A
123;54;blue;22.99;751.17;env A
123;53;blue;22.99;751.19;env A
123;54;blue;22.99;751.16;env A
123;53;blue;22.99;751.19;env A
117;53;blue;22.99;751.16;env A
125;54;blue;22.99;751.12;env A
123;54;blue;22.99;751.16;env A
125;53;blue;22.99;751.12;env A
123;53;blue;22.99;751.17;env A
125;54;blue;22.99;751.12;env A
123;54;blue;22.99;751.17;env A
117;53;blue;22.99;751.19;env A
124;54;blue;22.99;751.17;env A
123;54;blue;22.99;751.19;env A
123;53;blue;22.99;751.16;env A
123;53;blue;22.99;751.19;env A
123;47;blue;22.99;751.16;env A
117;54;blue;22.99;751.17;env A
123;54;blue;22.99;751.16;env A
123;54;blue;22.99;751.17;env A
123;53;blue;22.99;751.17;env A
123;53;blue;22.99;751.17;env A
117;53;blue;22.99;751.17;env A
123;54;blue;22.99;751.19;env A
123;53;blue;22.99;751.17;env A
123;54;blue;22.99;751.19;env A
124;53;blue;22.97;751.16;env A
123;54;blue;22.99;751.19;env A
123;53;blue;22.97;751.16;env A
125;54;blue;22.98;751.15;env A
123;54;blue;22.97;751.16;env A
123;54;blue;22.98;751.15;env A
123;47;blue;22.99;751.20;env A
123;53;blue;22.98;751.15;env A
123;54;blue;22.99;751.20;env A
123;47;blue;22.99;751.19;env A
123;53;blue;22.99;751.20;env A
123;53;blue;22.99;751.19;env A
117;54;blue;22.99;751.20;env A
123;53;blue;22.99;751.19;env A
123;53;blue;22.99;751.20;env A
123;53;blue;22.99;751.22;env A
123;53;blue;22.99;751.20;env A
125;54;blue;22.99;751.22;env A
123;54;blue;22.99;751.20;env A
123;54;blue;22.99;751.22;env A
125;53;blue;22.99;751.20;env A
123;53;blue;22.97;751.17;env A
123;53;blue;22.99;751.20;env A
123;53;blue;22.97;751.17;env A
123;54;blue;22.98;751.22;env A
117;54;blue;22.97;751.17;env A
123;53;blue;22.98;751.22;env A
123;53;blue;22.97;751.21;env A
124;54;blue;22.98;751.22;env A
124;54;blue;22.97;751.21;env A
123;53;blue;22.97;751.22;env A
123;54;blue;22.97;751.21;env A
123;54;blue;22.97;751.22;env A
123;53;blue;22.98;751.26;env A
123;54;blue;22.97;751.22;env A
123;53;blue;22.98;751.26;env A
123;53;blue;22.97;751.19;env A
125;53;blue;22.98;751.26;env A
123;53;blue;22.97;751.19;env A
123;53;blue;22.97;751.21;env A
123;54;blue;22.97;751.19;env A
123;54;blue;22.97;751.21;env A
117;54;blue;22.97;751.19;env A
123;54;blue;22.97;751.21;env A
117;54;blue;22.97;751.19;env A
123;53;blue;22.97;751.19;env A
123;53;blue;22.97;751.19;env A
119;53;blue;22.97;751.19;env A
123;53;blue;22.96;751.17;env A
123;54;blue;22.97;751.19;env A
123;53;blue;22.96;751.17;env A
123;54;blue;22.96;751.20;env A
123;54;blue;22.96;751.17;env A
123;54;blue;22.96;751.20;env A
123;47;blue;22.97;751.20;env A
123;53;blue;22.96;751.20;env A
123;54;blue;22.97;751.20;env A
117;54;blue;22.96;751.18;env A
123;54;blue;22.97;751.20;env A
123;54;blue;22.96;751.18;env A
123;54;blue;22.96;751.20;env A
125;54;blue;22.96;751.18;env A
123;54;blue;22.96;751.20;env A
123;54;blue;22.96;751.18;env A
117;54;blue;22.96;751.20;env A
123;53;blue;22.96;751.18;env A
123;47;blue;22.96;751.16;env A
117;53;blue;22.96;751.18;env A
124;53;blue;22.96;751.16;env A
123;54;blue;22.96;751.19;env A
123;54;blue;22.96;751.16;env A
123;54;blue;22.96;751.19;env A
123;54;blue;22.96;751.22;env A
123;53;blue;22.96;751.19;env A
123;54;blue;22.96;751.22;env A
123;54;blue;22.95;751.14;env A
123;54;blue;22.96;751.22;env A
123;53;blue;22.95;751.14;env A
125;54;blue;22.96;751.21;env A
123;53;blue;22.95;751.14;env A
125;53;blue;22.96;751.21;env A
123;54;blue;22.96;751.19;env A
123;53;blue;22.96;751.21;env A
123;54;blue;22.96;751.19;env A
123;54;blue;22.96;751.22;env A
123;52;blue;22.96;751.19;env A
123;54;blue;22.96;751.22;env A
123;53;blue;22.95;751.16;env A
123;54;blue;22.96;751.22;env A
123;53;blue;22.95;751.16;env A
123;54;blue;22.95;751.18;env A
123;53;blue;22.95;751.16;env A
123;53;blue;22.95;751.18;env A
123;48;blue;22.95;751.16;env A
123;53;blue;22.95;751.18;env A
123;53;blue;22.95;751.16;env A
123;54;blue;22.96;751.21;env A
125;54;blue;22.95;751.16;env A
123;54;blue;22.96;751.21;env A
117;53;blue;22.94;751.18;env A
125;54;blue;22.96;751.21;env A
123;48;blue;22.94;751.18;env A
124;53;blue;22.95;751.17;env A
123;53;blue;22.94;751.18;env A
123;54;blue;22.95;751.17;env A
120;54;blue;22.95;751.18;env A
123;54;blue;22.95;751.17;env A
121;53;blue;22.95;751.18;env A
123;53;blue;22.95;751.24;env A
123;53;blue;22.95;751.18;env A
123;54;blue;22.95;751.24;env A
123;53;blue;22.96;751.23;env A
117;54;blue;22.95;751.24;env A
124;54;blue;22.96;751.23;env A
119;53;blue;22.96;751.19;env A
123;53;blue;22.96;751.23;env A
123;53;blue;22.96;751.19;env A
123;54;blue;22.94;751.15;env A
125;53;blue;22.96;751.19;env A
123;54;blue;22.94;751.15;env A
123;53;blue;22.94;751.14;env A
117;53;blue;22.94;751.15;env A
123;54;blue;22.94;751.14;env A
123;54;blue;22.95;751.17;env A
123;54;blue;22.94;751.14;env A
123;51;blue;22.95;751.17;env A
123;53;blue;22.94;751.14;env A
123;54;blue;22.95;751.17;env A
117;54;blue;22.94;751.14;env A
125;54;blue;22.94;751.18;env A
125;54;blue;22.94;751.14;env A
124;53;blue;22.94;751.18;env A
123;54;blue;22.94;751.22;env A
117;53;blue;22.94;751.18;env A
123;54;blue;22.94;751.22;env A
123;47;blue;22.94;751.25;env A
116;54;blue;22.94;751.22;env A
125;54;blue;22.94;751.25;env A
123;53;blue;22.94;751.20;env A
117;54;blue;22.94;751.25;env A
123;53;blue;22.94;751.20;env A
123;53;blue;22.94;751.20;env A
123;54;blue;22.94;751.20;env A
123;53;blue;22.94;751.20;env A
122;53;blue;22.93;751.16;env A
123;53;blue;22.94;751.20;env A
123;53;blue;22.93;751.16;env A
123;53;blue;22.93;751.18;env A
125;53;blue;22.93;751.16;env A
123;53;blue;22.93;751.18;env A
117;53;blue;22.94;751.21;env A
125;53;blue;22.93;751.18;env A
123;53;blue;22.94;751.21;env A
124;53;blue;22.93;751.20;env A
117;54;blue;22.94;751.21;env A
123;53;blue;22.93;751.20;env A
123;54;blue;22.93;751.18;env A
123;53;blue;22.93;751.20;env A
123;53;blue;22.93;751.18;env A
123;54;blue;22.93;751.21;env A
123;54;blue;22.93;751.18;env A
123;53;blue;22.93;751.21;env A
123;54;blue;22.93;751.23;env A
123;54;blue;22.93;751.21;env A
123;53;blue;22.93;751.23;env A
123;54;blue;22.93;751.24;env A
123;53;blue;22.93;751.23;env A
116;53;blue;22.93;751.24;env A
125;53;blue;22.93;751.16;env A
123;53;blue;22.93;751.24;env A
123;54;blue;22.93;751.16;env A
123;54;blue;22.93;751.18;env A
123;53;blue;22.93;751.16;env A
123;54;blue;22.93;751.18;env A
123;53;blue;22.93;751.20;env A
117;53;blue;22.93;751.18;env A
125;54;blue;22.93;751.20;env A
123;54;blue;22.93;751.23;env A
125;53;blue;22.93;751.20;env A
123;53;blue;22.93;751.23;env A
125;54;blue;22.93;751.20;env A
123;54;blue;22.93;751.23;env A
117;53;blue;22.93;751.20;env A
124;54;blue;22.93;751.18;env A
123;54;blue;22.93;751.20;env A
123;53;blue;22.93;751.18;env A
123;53;blue;22.93;751.19;env A
123;47;blue;22.93;751.18;env A
117;54;blue;22.93;751.19;env A
123;54;blue;22.93;751.22;env A
123;54;blue;22.93;751.19;env A
123;53;blue;22.93;751.22;env A
123;53;blue;22.92;751.21;env A
117;53;blue;22.93;751.22;env A
123;54;blue;22.92;751.21;env A
123;53;blue;22.92;751.22;env A
123;54;blue;22.92;751.21;env A
124;53;blue;22.92;751.22;env A
123;54;blue;22.93;751.17;env A
123;53;blue;22.92;751.22;env A
125;54;blue;22.93;751.17;env A
123;54;blue;22.93;751.17;env A
123;54;blue;22.93;751.17;env A
123;47;blue;22.93;751.17;env A
123;53;blue;22.91;751.18;env A
123;54;blue;22.93;751.17;env A
123;47;blue;22.91;751.18;env A
123;53;blue;22.91;751.14;env A
123;53;blue;22.91;751.18;env A
117;54;blue;22.91;751.14;env A
123;53;blue;22.91;751.19;env A
123;53;blue;22.91;751.14;env A
123;53;blue;22.91;751.19;env A
123;53;blue;22.91;751.15;env A
125;54;blue;22.91;751.19;env A
123;54;blue;22.91;751.15;env A
123;54;blue;22.91;751.18;env A
125;53;blue;22.91;751.15;env A
123;53;blue;22.91;751.18;env A
123;53;blue;22.91;751.17;env A
123;53;blue;22.91;751.18;env A
123;54;blue;22.91;751.17;env A
117;54;blue;22.91;751.16;env A
123;53;blue;22.91;751.17;env A
123;53;blue;22.91;751.16;env A
124;54;blue;22.91;751.12;env A
124;54;blue;22.91;751.16;env A
123;53;blue;22.91;751.12;env A
123;54;blue;22.91;751.24;env A
123;54;blue;22.91;751.12;env A
123;53;blue;22.91;751.24;env A
123;54;blue;22.91;751.20;env A
123;53;blue;22.91;751.24;env A
123;53;blue;22.91;751.20;env A
125;53;blue;22.92;751.22;env A
123;53;blue;22.91;751.20;env A
123;53;blue;22.92;751.22;env A
123;54;blue;22.91;751.17;env A
123;54;blue;22.92;751.22;env A
33;82;red;22.43;751.25;env A
33;83;red;22.43;751.24;env A
33;82;red;22.43;751.24;env A
33;82;red;22.43;751.24;env A
32;82;red;22.43;751.24;env A
32;82;red;22.43;751.26;env A
33;83;red;22.43;751.24;env A
33;84;red;22.43;751.26;env A
32;82;red;22.41;751.19;env A
33;83;red;22.43;751.26;env A
33;83;red;22.41;751.19;env A
32;82;red;22.41;751.23;env A
32;83;red;22.41;751.19;env A
33;83;red;22.41;751.23;env A
33;82;red;22.41;751.23;env A
32;83;red;22.41;751.23;env A
33;83;red;22.41;751.23;env A
33;83;red;22.40;751.19;env A
32;82;red;22.41;751.23;env A
32;83;red;22.40;751.19;env A
32;83;red;22.41;751.23;env A
33;83;red;22.40;751.19;env A
32;83;red;22.41;751.23;env A
33;82;red;22.40;751.27;env A
32;84;red;22.41;751.23;env A
32;83;red;22.40;751.27;env A
32;83;red;22.41;751.27;env A
32;83;red;22.40;751.27;env A
33;83;red;22.41;751.27;env A
33;82;red;22.40;751.26;env A
32;80;red;22.41;751.27;env A
33;83;red;22.40;751.26;env A
33;83;red;22.40;751.27;env A
33;82;red;22.40;751.26;env A
33;83;red;22.40;751.27;env A
33;82;red;22.39;751.25;env A
32;83;red;22.40;751.27;env A
33;84;red;22.39;751.25;env A
33;83;red;22.40;751.23;env A
33;83;red;22.39;751.25;env A
32;82;red;22.40;751.23;env A
32;84;red;22.38;751.27;env A
33;83;red;22.40;751.23;env A
33;83;red;22.38;751.27;env A
33;82;red;22.38;751.22;env A
33;82;red;22.38;751.27;env A
33;82;red;22.38;751.22;env A
32;83;red;22.37;751.21;env A
33;83;red;22.38;751.22;env A
33;78;red;22.37;751.21;env A
33;83;red;22.38;751.23;env A
32;83;red;22.37;751.21;env A
33;76;red;22.38;751.23;env A
32;83;red;22.37;751.22;env A
33;84;red;22.38;751.23;env A
32;83;red;22.37;751.22;env A
32;82;red;22.37;751.22;env A
33;83;red;22.37;751.22;env A
33;77;red;22.37;751.22;env A
33;83;red;22.37;751.26;env A
32;83;red;22.37;751.22;env A
33;76;red;22.37;751.26;env A
33;82;red;22.36;751.27;env A
33;83;red;22.37;751.26;env A
33;83;red;22.36;751.27;env A
32;82;red;22.35;751.21;env A
32;82;red;22.36;751.27;env A
33;83;red;22.35;751.21;env A
33;77;red;22.35;751.25;env A
32;82;red;22.35;751.21;env A
32;82;red;22.35;751.25;env A
32;84;red;22.35;751.21;env A
33;82;red;22.35;751.25;env A
33;83;red;22.35;751.21;env A
33;83;red;22.35;751.27;env A
33;83;red;22.35;751.21;env A
33;83;red;22.35;751.27;env A
33;84;red;22.35;751.23;env A
32;82;red;22.35;751.27;env A
33;82;red;22.35;751.23;env A
33;83;red;22.35;751.26;env A
32;82;red;22.35;751.23;env A
33;83;red;22.35;751.26;env A
33;83;red;22.34;751.22;env A
33;82;red;22.35;751.26;env A
33;83;red;22.34;751.22;env A
33;84;red;22.34;751.20;env A
33;83;red;22.34;751.22;env A
33;76;red;22.34;751.20;env A
33;82;red;22.35;751.26;env A
33;82;red;22.34;751.20;env A
32;79;red;22.35;751.26;env A
33;84;red;22.34;751.28;env A
32;82;red;22.35;751.26;env A
33;76;red;22.34;751.28;env A
33;83;red;22.34;751.23;env A
33;82;red;22.34;751.28;env A
26;76;red;22.34;751.23;env A
32;82;red;22.33;751.13;env A
33;83;red;22.34;751.23;env A
33;82;red;22.33;751.13;env A
32;83;red;22.33;751.25;env A
33;82;red;22.33;751.13;env A
33;79;red;22.33;751.25;env A
32;83;red;22.32;751.21;env A
33;82;red;22.33;751.25;env A
32;82;red;22.32;751.21;env A
33;83;red;22.33;751.20;env A
32;77;red;22.32;751.21;env A
33;83;red;22.33;751.20;env A
33;82;red;22.33;751.26;env A
33;84;red;22.33;751.20;env A
32;83;red;22.33;751.26;env A
32;76;red;22.33;751.28;env A
32;83;red;22.33;751.26;env A
32;84;red;22.33;751.28;env A
32;82;red;22.33;751.24;env A
32;82;red;22.33;751.28;env A
32;83;red;22.33;751.24;env A
33;82;red;22.33;751.21;env A
32;82;red;22.33;751.24;env A
32;82;red;22.33;751.21;env A
32;84;red;22.33;751.24;env A
26;77;red;22.33;751.21;env A
33;82;red;22.33;751.24;env A
32;83;red;22.33;751.25;env A
33;84;red;22.33;751.24;env A
32;83;red;22.33;751.25;env A
32;82;red;22.32;751.25;env A
32;82;red;22.33;751.25;env A
33;82;red;22.32;751.25;env A
32;82;red;22.32;751.22;env A
32;82;red;22.32;751.25;env A
32;82;red;22.32;751.22;env A
33;82;red;22.32;751.27;env A
33;83;red;22.32;751.22;env A
33;83;red;22.32;751.27;env A
33;83;red;22.31;751.26;env A
33;82;red;22.32;751.27;env A
32;83;red;22.31;751.26;env A
27;82;red;22.32;751.25;env A
33;83;red;22.31;751.26;env A
33;82;red;22.32;751.25;env A
32;84;red;22.32;751.27;env A
27;77;red;22.32;751.25;env A
33;82;red;22.32;751.27;env A
33;82;red;22.32;751.26;env A
26;76;red;22.32;751.27;env A
32;82;red;22.32;751.26;env A
33;83;red;22.32;751.23;env A
32;83;red;22.32;751.26;env A
33;82;red;22.32;751.23;env A
33;83;red;22.31;751.21;env A
32;83;red;22.32;751.23;env A
32;82;red;22.31;751.21;env A
33;77;red;22.30;751.20;env A
33;83;red;22.31;751.21;env A
33;83;red;22.30;751.20;env A
28;76;red;22.30;751.20;env A
33;83;red;22.30;751.20;env A
32;83;red;22.30;751.20;env A
33;82;red;22.31;751.24;env A
33;83;red;22.30;751.20;env A
33;77;red;22.31;751.24;env A
32;83;red;22.31;751.22;env A
33;83;red;22.31;751.24;env A
33;83;red;22.31;751.22;env A
32;82;red;22.31;751.19;env A
33;77;red;22.31;751.22;env A
32;83;red;22.31;751.19;env A
33;82;red;22.31;751.26;env A
33;82;red;22.31;751.19;env A
32;76;red;22.31;751.26;env A
33;83;red;22.31;751.20;env A
33;83;red;22.31;751.26;env A
33;82;red;22.31;751.20;env A
33;82;red;22.31;751.27;env A
33;84;red;22.31;751.20;env A
33;83;red;22.31;751.27;env A
33;83;red;22.32;751.27;env A
32;77;red;22.31;751.27;env A
33;83;red;22.32;751.27;env A
33;83;red;22.30;751.22;env A
32;82;red;22.32;751.27;env A
33;82;red;22.30;751.22;env A
33;76;red;22.31;751.24;env A
32;83;red;22.30;751.22;env A
33;82;red;22.31;751.24;env A
32;76;red;22.30;751.21;env A
33;83;red;22.31;751.24;env A
32;82;red;22.30;751.21;env A
33;83;red;22.30;751.19;env A
32;83;red;22.30;751.21;env A
33;82;red;22.30;751.19;env A
33;84;red;22.30;751.19;env A
33;82;red;22.30;751.19;env A
32;76;red;22.30;751.19;env A
33;83;red;22.29;751.16;env A
32;82;red;22.30;751.19;env A
32;82;red;22.29;751.16;env A
33;83;red;22.30;751.24;env A
33;84;red;22.29;751.16;env A
32;78;red;22.30;751.24;env A
33;82;red;22.30;751.25;env A
33;83;red;22.30;751.24;env A
33;82;red;22.30;751.25;env A
33;83;red;22.29;751.22;env A
33;84;red;22.30;751.25;env A
33;82;red;22.29;751.22;env A
33;83;red;22.30;751.24;env A
33;82;red;22.29;751.22;env A
33;83;red;22.30;751.24;env A
33;77;red;22.29;751.22;env A
33;82;red;22.30;751.24;env A
33;82;red;22.29;751.22;env A
32;82;red;22.28;751.16;env A
33;82;red;22.29;751.22;env A
32;82;red;22.28;751.16;env A
33;83;red;22.29;751.20;env A
33;82;red;22.28;751.16;env A
33;82;red;22.29;751.20;env A
33;82;red;22.28;751.15;env A
33;83;red;22.29;751.20;env A
33;83;red;22.28;751.15;env A
32;82;red;22.29;751.22;env A
33;83;red;22.28;751.15;env A
33;83;red;22.29;751.22;env A
33;84;red;22.27;751.15;env A
33;84;red;22.29;751.22;env A
32;83;red;22.27;751.15;env A
33;82;red;22.29;751.18;env A
33;83;red;22.27;751.15;env A
33;82;red;22.29;751.18;env A
33;83;red;22.29;751.20;env A
33;82;red;22.29;751.18;env A
33;82;red;22.29;751.20;env A
32;82;red;22.28;751.17;env A
33;83;red;22.29;751.20;env A
33;82;red;22.28;751.17;env A
32;83;red;22.28;751.21;env A
33;83;red;22.28;751.17;env A
33;83;red;22.28;751.21;env A
33;83;red;22.29;751.23;env A
32;82;red;22.28;751.21;env A
33;82;red;22.29;751.23;env A
32;84;red;22.29;751.21;env A
32;82;red;22.29;751.23;env A
33;83;red;22.29;751.21;env A
33;82;red;22.29;751.23;env A
32;83;red;22.29;751.21;env A
33;83;red;22.29;751.23;env A
33;82;red;22.29;751.18;env A
32;82;red;22.29;751.23;env A
33;83;red;22.29;751.18;env A
33;83;red;22.28;751.20;env A
33;82;red;22.29;751.18;env A
26;83;red;22.28;751.20;env A
33;82;red;22.29;751.24;env A
32;82;red;22.28;751.20;env A
33;83;red;22.29;751.24;env A
33;83;red;22.29;751.26;env A
33;82;red;22.29;751.24;env A
33;84;red;22.29;751.26;env A
33;76;red;22.29;751.24;env A
32;82;red;22.29;751.26;env A
32;82;red;22.29;751.24;env A
32;83;red;22.28;751.16;env A
32;83;red;22.29;751.24;env A
32;76;red;22.28;751.16;env A
32;83;red;22.27;751.20;env A
33;82;red;22.28;751.16;env A
33;83;red;22.27;751.20;env A
33;84;red;22.30;751.22;env A
32;83;red;22.27;751.20;env A
32;83;red;22.30;751.22;env A
33;83;red;22.30;751.21;env A
33;82;red;22.30;751.22;env A
32;83;red;22.30;751.21;env A
32;84;red;22.29;751.20;env A
33;82;red;22.30;751.21;env A
33;76;red;22.29;751.20;env A
32;82;red;22.30;751.26;env A
33;83;red;22.29;751.20;env A
26;83;red;22.30;751.26;env A
32;83;red;22.27;751.18;env A
32;84;red;22.30;751.26;env A
33;77;red;22.27;751.18;env A
33;83;red;22.29;751.21;env A
32;82;red;22.27;751.18;env A
33;83;red;22.29;751.21;env A
32;83;red;22.29;751.23;env A
32;82;red;22.29;751.21;env A
33;83;red;22.29;751.23;env A
33;83;red;22.27;751.17;env A
33;76;red;22.29;751.23;env A
32;83;red;22.27;751.17;env A
33;82;red;22.28;751.20;env A
32;83;red;22.27;751.17;env A
33;77;red;22.28;751.20;env A
33;82;red;22.29;751.23;env A
32;83;red;22.28;751.20;env A
33;83;red;22.29;751.23;env A
32;83;red;22.27;751.17;env A
33;82;red;22.29;751.23;env A
32;82;red;22.27;751.17;env A
33;83;red;22.27;751.21;env A
32;82;red;22.27;751.17;env A
33;83;red;22.27;751.21;env A
32;83;red;22.27;751.15;env A
32;84;red;22.27;751.21;env A
33;82;red;22.27;751.15;env A
33;77;red;22.27;751.18;env A
32;84;red;22.27;751.15;env A
33;83;red;22.27;751.18;env A
32;82;red;22.27;751.18;env A
33;82;red;22.27;751.18;env A
33;83;red;22.27;751.18;env A
32;82;red;22.29;751.20;env A
32;82;red;22.27;751.18;env A
33;84;red;22.29;751.20;env A
32;82;red;22.28;751.24;env A
32;83;red;22.29;751.20;env A
32;83;red;22.28;751.24;env A
33;77;red;22.28;751.27;env A
32;83;red;22.28;751.24;env A
32;82;red;22.28;751.27;env A
32;83;red;22.27;751.25;env A
33;83;red;22.28;751.27;env A
32;84;red;22.27;751.25;env A
27;83;red;22.27;751.22;env A
32;83;red;22.27;751.25;env A
32;83;red;22.27;751.22;env A
33;83;red;22.28;751.22;env A
33;82;red;22.27;751.22;env A
33;83;red;22.28;751.22;env A
33;82;red;22.27;751.25;env A
32;83;red;22.28;751.22;env A
33;82;red;22.27;751.25;env A
33;84;red;22.27;751.21;env A
33;83;red;22.27;751.25;env A
33;83;red;22.27;751.21;env A
33;82;red;22.25;751.18;env A
33;82;red;22.27;751.21;env A
33;77;red;22.25;751.18;env A
33;82;red;22.27;751.24;env A
32;82;red;22.25;751.18;env A
33;82;red;22.27;751.24;env A
33;83;red;22.25;751.17;env A
33;82;red;22.27;751.24;env A
33;83;red;22.25;751.17;env A
32;82;red;22.27;751.24;env A
32;82;red;22.25;751.17;env A
32;82;red;22.27;751.24;env A
33;84;red;22.25;751.17;env A
33;83;red;22.27;751.24;env A
32;83;red;22.25;751.17;env A
33;77;red;22.27;751.27;env A
33;82;red;22.25;751.17;env A
32;82;red;22.27;751.27;env A
33;83;red;22.27;751.25;env A
33;83;red;22.27;751.27;env A
31;76;red;22.27;751.25;env A
33;82;red;22.28;751.27;env A
32;84;red;22.27;751.25;env A
32;82;red;22.28;751.27;env A
32;82;red;22.26;751.18;env A
33;82;red;22.28;751.27;env A
32;83;red;22.26;751.18;env A
32;82;red;22.26;751.21;env A
32;83;red;22.26;751.18;env A
26;77;red;22.26;751.21;env A
32;83;red;22.26;751.21;env A
33;82;red;22.26;751.21;env A
33;83;red;22.26;751.21;env A
33;84;red;22.26;751.22;env A
33;83;red;22.26;751.21;env A
27;76;red;22.26;751.22;env A
32;83;red;22.25;751.19;env A
33;83;red;22.26;751.22;env A
33;82;red;22.25;751.19;env A
32;83;red;22.25;751.17;env A
32;83;red;22.25;751.19;env A
33;82;red;22.25;751.17;env A
33;82;red;22.27;751.21;env A
33;82;red;22.25;751.17;env A
33;83;red;22.27;751.21;env A
33;82;red;22.27;751.22;env A
33;83;red;22.27;751.21;env A
33;84;red;22.27;751.22;env A
33;83;red;22.26;751.22;env A
32;83;red;22.27;751.22;env A
33;84;red;22.26;751.22;env A
33;83;red;22.25;751.23;env A
32;83;red;22.26;751.22;env A
33;82;red;22.25;751.23;env A
33;77;red;22.26;751.24;env A
32;83;red;22.25;751.23;env A
33;83;red;22.26;751.24;env A
29;76;red;22.25;751.17;env A
33;82;red;22.26;751.24;env A
33;83;red;22.25;751.17;env A
33;82;red;22.25;751.20;env A
33;82;red;22.25;751.17;env A
33;83;red;22.25;751.20;env A
32;82;red;22.25;751.20;env A
32;82;red;22.25;751.20;env A
33;82;red;22.25;751.20;env A
32;83;red;22.24;751.18;env A
33;84;red;22.25;751.20;env A
32;76;red;22.24;751.18;env A
33;83;red;22.25;751.20;env A
33;83;red;22.24;751.18;env A
33;83;red;22.25;751.20;env A
33;84;red;22.25;751.19;env A
32;82;red;22.25;751.20;env A
0;0;NA;22.25;751.19;env B
0;0;NA;22.24;751.20;env B
0;0;NA;22.25;751.19;env B
0;0;NA;22.24;751.20;env B
0;0;NA;22.25;751.21;env B
0;0;NA;22.24;751.20;env B
0;0;NA;22.25;751.21;env B
0;0;NA;22.27;751.29;env B
0;0;NA;22.25;751.21;env B
0;0;NA;22.27;751.29;env B
0;0;NA;22.24;751.20;env B
0;0;NA;22.27;751.29;env B
0;0;NA;22.24;751.20;env B
0;0;NA;22.24;751.21;env B
0;0;NA;22.24;751.20;env B
0;0;NA;22.24;751.21;env B
0;0;NA;22.24;751.22;env B
0;0;NA;22.24;751.21;env B
0;0;NA;22.24;751.22;env B
0;0;NA;22.25;751.29;env B
0;0;NA;22.24;751.22;env B
0;0;NA;22.25;751.29;env B
0;0;NA;22.22;751.16;env B
0;0;NA;22.25;751.29;env B
0;0;NA;22.22;751.16;env B
0;0;NA;22.24;751.19;env B
0;0;NA;22.22;751.16;env B
0;0;NA;22.24;751.19;env B
0;0;NA;22.24;751.23;env B
0;0;NA;22.24;751.19;env B
0;0;NA;22.24;751.23;env B
0;0;NA;22.24;751.20;env B
0;0;NA;22.24;751.23;env B
0;0;NA;22.24;751.20;env B
0;0;NA;22.24;751.21;env B
0;0;NA;22.24;751.20;env B
0;0;NA;22.24;751.21;env B
0;0;NA;22.24;751.19;env B
0;0;NA;22.24;751.21;env B
0;0;NA;22.24;751.19;env B
0;0;NA;22.24;751.23;env B
0;0;NA;22.24;751.19;env B
0;0;NA;22.24;751.23;env B
0;0;NA;22.24;751.21;env B
0;0;NA;22.24;751.23;env B
0;0;NA;22.24;751.21;env B
0;0;NA;22.24;751.17;env B
0;0;NA;22.24;751.21;env B
0;0;NA;22.24;751.17;env B
0;0;NA;22.24;751.23;env B
0;0;NA;22.24;751.17;env B
0;0;NA;22.24;751.23;env B
0;0;NA;22.24;751.23;env B
0;0;NA;22.24;751.23;env B
0;0;NA;22.24;751.23;env B
0;0;NA;22.23;751.25;env B
0;0;NA;22.24;751.23;env B
0;0;NA;22.23;751.25;env B
0;0;NA;22.24;751.28;env B
0;0;NA;22.23;751.25;env B
0;0;NA;22.24;751.28;env B
0;0;NA;22.24;751.19;env B
0;0;NA;22.24;751.28;env B
0;0;NA;22.24;751.19;env B
0;0;NA;22.24;751.23;env B
0;0;NA;22.24;751.19;env B
0;0;NA;22.24;751.23;env B
0;0;NA;22.24;751.19;env B
0;0;NA;22.24;751.23;env B
0;0;NA;22.24;751.19;env B
0;0;NA;22.24;751.19;env B
0;0;NA;22.24;751.19;env B
0;0;NA;22.24;751.19;env B
0;0;NA;22.25;751.25;env B
0;0;NA;22.24;751.19;env B
0;0;NA;22.25;751.25;env B
0;0;NA;22.25;751.21;env B
0;0;NA;22.25;751.25;env B
0;0;NA;22.25;751.21;env B
0;0;NA;22.25;751.23;env B
0;0;NA;22.25;751.21;env B
0;0;NA;22.25;751.23;env B
0;0;NA;22.25;751.27;env B
0;0;NA;22.25;751.23;env B
0;0;NA;22.25;751.27;env B
0;0;NA;22.24;751.20;env B
0;0;NA;22.25;751.27;env B
0;0;NA;22.24;751.20;env B
0;0;NA;22.24;751.21;env B
0;0;NA;22.24;751.20;env B
0;0;NA;22.24;751.21;env B
0;0;NA;22.23;751.22;env B
0;0;NA;22.24;751.21;env B
0;0;NA;22.23;751.22;env B
0;0;NA;22.24;751.20;env B
0;0;NA;22.23;751.22;env B
0;0;NA;22.24;751.20;env B
0;0;NA;22.24;751.22;env B
0;0;NA;22.24;751.20;env B
0;0;NA;22.24;751.22;env B
0;0;NA;22.24;751.18;env B
0;0;NA;22.24;751.22;env B
0;0;NA;22.24;751.18;env B
0;0;NA;22.24;751.22;env B
0;0;NA;22.24;751.18;env B
0;0;NA;22.24;751.22;env B
0;0;NA;22.25;751.18;env B
0;0;NA;22.24;751.22;env B
0;0;NA;22.25;751.18;env B
0;0;NA;22.25;751.22;env B
0;0;NA;22.25;751.18;env B
0;0;NA;22.25;751.22;env B
0;0;NA;22.25;751.24;env B
0;0;NA;22.25;751.22;env B
0;0;NA;22.25;751.24;env B
0;0;NA;22.25;751.21;env B
0;0;NA;22.25;751.24;env B
0;0;NA;22.25;751.21;env B
0;0;NA;22.25;751.20;env B
0;0;NA;22.25;751.21;env B
0;0;NA;22.25;751.20;env B
0;0;NA;22.25;751.21;env B
0;0;NA;22.25;751.20;env B
0;0;NA;22.25;751.21;env B
0;0;NA;22.24;751.14;env B
0;0;NA;22.25;751.21;env B
0;0;NA;22.24;751.14;env B
0;0;NA;22.24;751.21;env B
0;0;NA;22.24;751.14;env B
0;0;NA;22.24;751.21;env B
0;0;NA;22.25;751.22;env B
0;0;NA;22.24;751.21;env B
0;0;NA;22.25;751.22;env B
0;0;NA;22.25;751.21;env B
0;0;NA;22.25;751.22;env B
0;0;NA;22.25;751.21;env B
0;0;NA;22.25;751.22;env B
0;0;NA;22.25;751.21;env B
0;0;NA;22.25;751.22;env B
0;0;NA;22.25;751.23;env B
0;0;NA;22.25;751.22;env B
0;0;NA;22.25;751.23;env B
0;0;NA;22.25;751.21;env B
0;0;NA;22.25;751.23;env B
0;0;NA;22.25;751.21;env B
0;0;NA;22.25;751.21;env B
0;0;NA;22.25;751.21;env B
0;0;NA;22.25;751.21;env B
0;0;NA;22.25;751.23;env B
0;0;NA;22.25;751.21;env B
0;0;NA;22.25;751.23;env B
0;0;NA;22.25;751.23;env B
0;0;NA;22.25;751.23;env B
0;0;NA;22.25;751.23;env B
0;0;NA;22.24;751.22;env B
0;0;NA;22.25;751.23;env B
0;0;NA;22.24;751.22;env B
0;0;NA;22.24;751.21;env B
0;0;NA;22.24;751.22;env B
0;0;NA;22.24;751.21;env B
0;0;NA;22.24;751.22;env B
0;0;NA;22.24;751.21;env B
0;0;NA;22.24;751.22;env B
0;0;NA;22.25;751.21;env B
0;0;NA;22.24;751.22;env B
0;0;NA;22.25;751.21;env B
0;0;NA;22.24;751.21;env B
0;0;NA;22.25;751.21;env B
0;0;NA;22.24;751.21;env B
0;0;NA;22.24;751.18;env B
0;0;NA;22.24;751.21;env B
0;0;NA;22.24;751.18;env B
0;0;NA;22.24;751.23;env B
0;0;NA;22.24;751.18;env B
0;0;NA;22.24;751.23;env B
0;0;NA;22.25;751.25;env B
0;0;NA;22.24;751.23;env B
0;0;NA;22.25;751.25;env B
0;0;NA;22.25;751.21;env B
0;0;NA;22.25;751.25;env B
0;0;NA;22.25;751.21;env B
0;0;NA;22.25;751.19;env B
0;0;NA;22.25;751.21;env B
0;0;NA;22.25;751.19;env B
0;0;NA;22.24;751.15;env B
0;0;NA;22.25;751.19;env B
0;0;NA;22.24;751.15;env B
0;0;NA;22.24;751.19;env B
0;0;NA;22.24;751.15;env B
0;0;NA;22.24;751.19;env B
0;0;NA;22.24;751.19;env B
0;0;NA;22.24;751.19;env B
0;0;NA;22.24;751.19;env B
0;0;NA;22.24;751.21;env B
0;0;NA;22.24;751.19;env B
0;0;NA;22.24;751.21;env B
0;0;NA;22.25;751.25;env B
0;0;NA;22.24;751.21;env B
0;0;NA;22.25;751.25;env B
0;0;NA;22.25;751.22;env B
0;0;NA;22.25;751.25;env B
0;0;NA;22.25;751.22;env B
0;0;NA;22.24;751.24;env B
0;0;NA;22.25;751.22;env B
0;0;NA;22.24;751.24;env B
0;0;NA;22.23;751.19;env B
0;0;NA;22.24;751.24;env B
0;0;NA;22.23;751.19;env B
0;0;NA;22.24;751.24;env B
0;0;NA;22.23;751.19;env B
0;0;NA;22.24;751.24;env B
0;0;NA;22.24;751.18;env B
0;0;NA;22.24;751.24;env B
0;0;NA;22.24;751.18;env B
0;0;NA;22.24;751.14;env B
0;0;NA;22.24;751.18;env B
0;0;NA;22.24;751.14;env B
0;0;NA;22.23;751.21;env B
0;0;NA;22.24;751.14;env B
0;0;NA;22.23;751.21;env B
0;0;NA;22.22;751.20;env B
0;0;NA;22.23;751.21;env B
0;0;NA;22.22;751.20;env B
0;0;NA;22.24;751.23;env B
0;0;NA;22.22;751.20;env B
0;0;NA;22.24;751.23;env B
0;0;NA;22.24;751.26;env B
0;0;NA;22.24;751.23;env B
0;0;NA;22.24;751.26;env B
0;0;NA;22.22;751.16;env B
0;0;NA;22.24;751.26;env B
0;0;NA;22.22;751.16;env B
0;0;NA;22.24;751.25;env B
0;0;NA;22.22;751.16;env B
0;0;NA;22.24;751.25;env B
0;0;NA;22.22;751.16;env B
0;0;NA;22.24;751.25;env B
0;0;NA;22.22;751.16;env B
0;0;NA;22.24;751.16;env B
0;0;NA;22.22;751.16;env B
0;0;NA;22.24;751.16;env B
0;0;NA;22.24;751.19;env B
0;0;NA;22.24;751.16;env B
0;0;NA;22.24;751.19;env B
0;0;NA;22.24;751.22;env B
0;0;NA;22.24;751.19;env B
0;0;NA;22.24;751.22;env B
0;0;NA;22.24;751.19;env B
0;0;NA;22.24;751.22;env B
0;0;NA;22.24;751.19;env B
0;0;NA;22.24;751.20;env B
0;0;NA;22.24;751.19;env B
0;0;NA;22.24;751.20;env B
0;0;NA;22.24;751.19;env B
0;0;NA;22.24;751.20;env B
0;0;NA;22.24;751.19;env B
0;0;NA;22.25;751.22;env B
0;0;NA;22.24;751.19;env B
0;0;NA;22.25;751.22;env B
0;0;NA;22.24;751.17;env B
0;0;NA;22.25;751.22;env B
0;0;NA;22.24;751.17;env B
0;0;NA;22.24;751.20;env B
0;0;NA;22.24;751.17;env B
0;0;NA;22.24;751.20;env B
0;0;NA;22.25;751.25;env B
0;0;NA;22.24;751.20;env B
0;0;NA;22.25;751.25;env B
0;0;NA;22.24;751.17;env B
0;0;NA;22.25;751.25;env B
0;0;NA;22.24;751.17;env B
0;0;NA;22.25;751.23;env B
0;0;NA;22.24;751.17;env B
0;0;NA;22.25;751.23;env B
0;0;NA;22.24;751.19;env B
0;0;NA;22.25;751.23;env B
0;0;NA;22.24;751.19;env B
0;0;NA;22.24;751.19;env B
0;0;NA;22.24;751.19;env B
0;0;NA;22.24;751.19;env B
0;0;NA;22.24;751.24;env B
0;0;NA;22.24;751.19;env B
0;0;NA;22.24;751.24;env B
0;0;NA;22.24;751.24;env B
0;0;NA;22.24;751.24;env B
0;0;NA;22.24;751.24;env B
0;0;NA;22.24;751.19;env B
0;0;NA;22.24;751.24;env B
0;0;NA;22.24;751.19;env B
0;0;NA;22.25;751.25;env B
0;0;NA;22.24;751.19;env B
0;0;NA;22.25;751.25;env B
0;0;NA;22.25;751.23;env B
0;0;NA;22.25;751.25;env B
0;0;NA;22.25;751.23;env B
0;0;NA;22.25;751.21;env B
0;0;NA;22.25;751.23;env B
0;0;NA;22.25;751.21;env B
0;0;NA;22.24;751.20;env B
0;0;NA;22.25;751.21;env B
0;0;NA;22.24;751.20;env B
0;0;NA;22.24;751.18;env B
0;0;NA;22.24;751.20;env B
0;0;NA;22.24;751.18;env B
0;0;NA;22.24;751.27;env B
0;0;NA;22.24;751.18;env B
0;0;NA;22.24;751.27;env B
0;0;NA;22.25;751.21;env B
0;0;NA;22.24;751.27;env B
0;0;NA;22.25;751.21;env B
0;0;NA;22.24;751.21;env B
0;0;NA;22.25;751.21;env B
0;0;NA;22.24;751.21;env B
0;0;NA;22.25;751.24;env B
0;0;NA;22.24;751.21;env B
0;0;NA;22.25;751.24;env B
0;0;NA;22.24;751.19;env B
0;0;NA;22.25;751.24;env B
0;0;NA;22.24;751.19;env B
0;0;NA;22.25;751.26;env B
0;0;NA;22.24;751.19;env B
0;0;NA;22.25;751.26;env B
0;0;NA;22.24;751.18;env B
0;0;NA;22.25;751.26;env B
0;0;NA;22.24;751.18;env B
0;0;NA;22.24;751.22;env B
0;0;NA;22.24;751.18;env B
0;0;NA;22.24;751.22;env B
0;0;NA;22.24;751.21;env B
0;0;NA;22.24;751.22;env B
0;0;NA;22.24;751.21;env B
0;0;NA;22.24;751.23;env B
0;0;NA;22.24;751.21;env B
0;0;NA;22.24;751.23;env B
0;0;NA;22.24;751.17;env B
0;0;NA;22.24;751.23;env B
0;0;NA;22.24;751.17;env B
0;0;NA;22.24;751.21;env B
0;0;NA;22.24;751.17;env B
0;0;NA;22.24;751.21;env B
0;0;NA;22.22;751.19;env B
0;0;NA;22.24;751.21;env B
0;0;NA;22.22;751.19;env B
0;0;NA;22.23;751.15;env B
0;0;NA;22.22;751.19;env B
0;0;NA;22.23;751.15;env B
0;0;NA;22.24;751.21;env B
0;0;NA;22.23;751.15;env B
0;0;NA;22.24;751.21;env B
0;0;NA;22.24;751.22;env B
0;0;NA;22.24;751.21;env B
0;0;NA;22.24;751.22;env B
0;0;NA;22.24;751.22;env B
0;0;NA;22.24;751.22;env B
0;0;NA;22.24;751.22;env B
0;0;NA;22.25;751.21;env B
0;0;NA;22.24;751.22;env B
0;0;NA;22.25;751.21;env B
0;0;NA;22.25;751.22;env B
0;0;NA;22.25;751.21;env B
0;0;NA;22.25;751.22;env B
0;0;NA;22.24;751.19;env B
0;0;NA;22.25;751.22;env B
0;0;NA;22.24;751.19;env B
0;0;NA;22.25;751.26;env B
0;0;NA;22.24;751.19;env B
0;0;NA;22.25;751.26;env B
0;0;NA;22.25;751.24;env B
0;0;NA;22.25;751.26;env B
0;0;NA;22.25;751.24;env B
0;0;NA;22.24;751.16;env B
0;0;NA;22.25;751.24;env B
0;0;NA;22.24;751.16;env B
0;0;NA;22.24;751.24;env B
0;0;NA;22.24;751.16;env B
0;0;NA;22.24;751.24;env B
0;0;NA;22.25;751.28;env B
0;0;NA;22.24;751.24;env B
0;0;NA;22.25;751.28;env B
0;0;NA;22.25;751.19;env B
0;0;NA;22.25;751.28;env B
0;0;NA;22.25;751.19;env B
0;0;NA;22.26;751.26;env B
0;0;NA;22.25;751.19;env B
0;0;NA;22.26;751.26;env B
0;0;NA;22.26;751.24;env B
0;0;NA;22.26;751.26;env B
0;0;NA;22.26;751.24;env B
0;0;NA;22.26;751.24;env B
0;0;NA;22.26;751.24;env B
0;0;NA;22.26;751.24;env B
0;0;NA;22.25;751.20;env B
0;0;NA;22.26;751.24;env B
0;0;NA;22.25;751.20;env B
0;0;NA;22.25;751.21;env B
0;0;NA;22.25;751.20;env B
0;0;NA;22.25;751.21;env B
0;0;NA;22.25;751.19;env B
0;0;NA;22.25;751.21;env B
0;0;NA;22.25;751.19;env B
0;0;NA;22.25;751.28;env B
0;0;NA;22.25;751.19;env B
0;0;NA;22.25;751.28;env B
0;0;NA;22.25;751.25;env B
0;0;NA;22.25;751.28;env B
0;0;NA;22.25;751.25;env B
0;0;NA;22.24;751.27;env B
0;0;NA;22.25;751.25;env B
0;0;NA;22.24;751.27;env B
0;0;NA;22.25;751.31;env B
0;0;NA;22.24;751.27;env B
0;0;NA;22.25;751.31;env B
0;0;NA;22.25;751.29;env B
0;0;NA;22.25;751.31;env B
0;0;NA;22.25;751.29;env B
0;0;NA;22.25;751.26;env B
0;0;NA;22.25;751.29;env B
0;0;NA;22.25;751.26;env B
0;0;NA;22.24;751.27;env B
0;0;NA;22.25;751.26;env B
0;0;NA;22.24;751.27;env B
0;0;NA;22.24;751.28;env B
0;0;NA;22.24;751.27;env B
0;0;NA;22.24;751.28;env B
0;0;NA;22.23;751.28;env B
0;0;NA;22.24;751.28;env B
0;0;NA;22.23;751.28;env B
0;0;NA;22.24;751.26;env B
0;0;NA;22.23;751.28;env B
0;0;NA;22.24;751.26;env B
0;0;NA;22.23;751.32;env B
0;0;NA;22.24;751.26;env B
0;0;NA;22.23;751.32;env B
0;0;NA;22.24;751.32;env B
0;0;NA;22.23;751.32;env B
0;0;NA;22.24;751.32;env B
0;0;NA;22.22;751.27;env B
0;0;NA;22.24;751.32;env B
0;0;NA;22.22;751.27;env B
0;0;NA;22.22;751.34;env B
0;0;NA;22.22;751.27;env B
0;0;NA;22.22;751.34;env B
0;0;NA;22.22;751.27;env B
0;0;NA;22.22;751.34;env B
0;0;NA;22.22;751.27;env B
0;0;NA;22.22;751.30;env B
0;0;NA;22.22;751.27;env B
0;0;NA;22.22;751.30;env B
0;0;NA;22.22;751.31;env B
0;0;NA;22.22;751.30;env B
0;0;NA;22.22;751.31;env B
0;0;NA;22.22;751.34;env B
0;0;NA;22.22;751.31;env B
0;0;NA;22.22;751.34;env B
0;0;NA;22.21;751.31;env B
0;0;NA;22.22;751.34;env B
0;0;NA;22.21;751.31;env B
0;0;NA;22.21;751.19;env B
0;0;NA;22.21;751.31;env B
0;0;NA;22.21;751.19;env B
0;0;NA;22.20;751.23;env B
0;0;NA;22.21;751.19;env B
0;0;NA;22.20;751.23;env B
0;0;NA;22.21;751.30;env B
0;0;NA;22.20;751.23;env B
0;0;NA;22.21;751.30;env B
0;0;NA;22.21;751.29;env B
0;0;NA;22.21;751.30;env B
0;0;NA;22.21;751.29;env B
0;0;NA;22.19;751.27;env B
0;0;NA;22.21;751.29;env B
0;0;NA;22.19;751.27;env B
0;0;NA;22.20;751.27;env B
0;0;NA;22.19;751.27;env B
0;0;NA;22.20;751.27;env B
0;0;NA;22.20;751.28;env B
0;0;NA;22.20;751.27;env B
0;0;NA;22.20;751.28;env B
0;0;NA;22.20;751.28;env B
0;0;NA;22.20;751.28;env B
0;0;NA;22.20;751.28;env B
0;0;NA;22.19;751.23;env B
0;0;NA;22.20;751.28;env B
0;0;NA;22.19;751.23;env B
0;0;NA;22.19;751.26;env B
0;0;NA;22.19;751.23;env B
0;0;NA;22.19;751.26;env B
0;0;NA;22.19;751.24;env B
0;0;NA;22.19;751.26;env B
0;0;NA;22.19;751.24;env B
0;0;NA;22.20;751.26;env B
0;0;NA;22.19;751.24;env B
0;0;NA;22.20;751.26;env B
0;0;NA;22.18;751.19;env B
0;0;NA;22.20;751.26;env B
0;0;NA;22.18;751.19;env B
0;0;NA;22.18;751.19;env B
0;0;NA;22.18;751.19;env B
0;0;NA;22.18;751.19;env B
0;0;NA;22.19;751.24;env B
0;0;NA;22.18;751.19;env B
0;0;NA;22.19;751.24;env B
0;0;NA;22.18;751.17;env B
0;0;NA;22.19;751.24;env B
0;0;NA;22.18;751.17;env B
0;0;NA;22.19;751.17;env B
0;0;NA;22.18;751.17;env B
0;0;NA;22.19;751.17;env B
0;0;NA;22.20;751.27;env B
0;0;NA;22.19;751.17;env B
0;0;NA;22.20;751.27;env B
0;0;NA;22.20;751.21;env B
0;0;NA;22.20;751.27;env B
0;0;NA;22.20;751.21;env B
0;0;NA;22.19;751.13;env B
0;0;NA;22.20;751.21;env B
0;0;NA;22.19;751.13;env B
0;0;NA;22.21;751.28;env B
0;0;NA;22.19;751.13;env B
0;0;NA;22.21;751.28;env B
0;0;NA;22.21;751.24;env B
0;0;NA;22.21;751.28;env B
0;0;NA;22.21;751.24;env B
0;0;NA;22.19;751.20;env B
0;0;NA;22.21;751.24;env B
0;0;NA;22.19;751.20;env B
0;0;NA;22.19;751.14;env B
0;0;NA;22.19;751.20;env B
0;0;NA;22.19;751.14;env B
0;0;NA;22.19;751.18;env B
0;0;NA;22.19;751.14;env B
0;0;NA;22.19;751.18;env B
0;0;NA;22.19;751.23;env B
0;0;NA;22.19;751.18;env B
0;0;NA;22.19;751.23;env B
0;0;NA;22.20;751.18;env B
0;0;NA;22.19;751.23;env B
0;0;NA;22.20;751.18;env B
0;0;NA;22.20;751.18;env B
0;0;NA;22.20;751.18;env B
0;0;NA;22.20;751.18;env B
0;0;NA;22.21;751.26;env B
0;0;NA;22.20;751.18;env B
0;0;NA;22.21;751.26;env B
0;0;NA;22.20;751.16;env B
0;0;NA;22.21;751.26;env B
0;0;NA;22.20;751.16;env B
0;0;NA;22.25;751.25;env B
0;0;NA;22.24;751.27;env B
0;0;NA;22.25;751.31;env B
0;0;NA;22.24;751.27;env B
0;0;NA;22.25;751.31;env B
0;0;NA;22.25;751.29;env B
0;0;NA;22.25;751.31;env B
0;0;NA;22.25;751.29;env B
0;0;NA;22.25;751.26;env B
0;0;NA;22.25;751.29;env B
0;0;NA;22.25;751.26;env B
0;0;NA;22.24;751.27;env B
0;0;NA;22.25;751.26;env B
0;0;NA;22.24;751.27;env B
0;0;NA;22.24;751.28;env B
0;0;NA;22.24;751.27;env B
0;0;NA;22.24;751.28;env B
0;0;NA;22.23;751.28;env B
0;0;NA;22.24;751.28;env B
0;0;NA;22.23;751.28;env B
0;0;NA;22.24;751.26;env B
0;0;NA;22.23;751.28;env B
0;0;NA;22.24;751.26;env B
0;0;NA;22.23;751.32;env B
0;0;NA;22.24;751.26;env B
0;0;NA;22.23;751.32;env B
0;0;NA;22.24;751.32;env B
0;0;NA;22.23;751.32;env B
0;0;NA;22.24;751.32;env B
0;0;NA;22.22;751.27;env B
0;0;NA;22.24;751.32;env B
0;0;NA;22.22;751.27;env B
0;0;NA;22.22;751.34;env B
0;0;NA;22.22;751.27;env B
0;0;NA;22.22;751.34;env B
0;0;NA;22.22;751.27;env B
0;0;NA;22.22;751.34;env B
0;0;NA;22.22;751.27;env B
0;0;NA;22.22;751.30;env B
0;0;NA;22.22;751.27;env B
0;0;NA;22.22;751.30;env B
0;0;NA;22.22;751.31;env B
0;0;NA;22.22;751.30;env B
0;0;NA;22.22;751.31;env B
0;0;NA;22.22;751.34;env B
0;0;NA;22.22;751.31;env B
0;0;NA;22.22;751.34;env B
0;0;NA;22.21;751.31;env B
0;0;NA;22.22;751.34;env B
0;0;NA;22.21;751.31;env B
0;0;NA;22.21;751.19;env B
0;0;NA;22.21;751.31;env B
0;0;NA;22.21;751.19;env B
0;0;NA;22.20;751.23;env B
0;0;NA;22.21;751.19;env B
0;0;NA;22.20;751.23;env B
0;0;NA;22.25;751.25;env B
0;0;NA;22.24;751.27;env B
0;0;NA;22.25;751.31;env B
0;0;NA;22.24;751.27;env B
0;0;NA;22.25;751.31;env B
0;0;NA;22.25;751.29;env B
0;0;NA;22.25;751.31;env B
0;0;NA;22.25;751.29;env B
0;0;NA;22.25;751.26;env B
0;0;NA;22.25;751.29;env B
0;0;NA;22.25;751.26;env B
0;0;NA;22.24;751.27;env B
0;0;NA;22.25;751.26;env B
0;0;NA;22.24;751.27;env B
0;0;NA;22.24;751.28;env B
0;0;NA;22.24;751.27;env B
0;0;NA;22.24;751.28;env B
0;0;NA;22.23;751.28;env B
0;0;NA;22.24;751.28;env B
0;0;NA;22.23;751.28;env B
0;0;NA;22.24;751.26;env B
0;0;NA;22.23;751.28;env B
0;0;NA;22.24;751.26;env B
0;0;NA;22.23;751.32;env B
0;0;NA;22.24;751.26;env B
0;0;NA;22.23;751.32;env B
0;0;NA;22.24;751.32;env B
0;0;NA;22.23;751.32;env B
0;0;NA;22.24;751.32;env B
0;0;NA;22.22;751.27;env B
0;0;NA;22.24;751.32;env B
0;0;NA;22.22;751.27;env B
0;0;NA;22.22;751.34;env B
0;0;NA;22.22;751.27;env B
0;0;NA;22.22;751.34;env B
0;0;NA;22.22;751.27;env B
0;0;NA;22.22;751.34;env B
0;0;NA;22.22;751.27;env B
0;0;NA;22.22;751.30;env B
0;0;NA;22.22;751.27;env B
0;0;NA;22.22;751.30;env B
0;0;NA;22.22;751.31;env B
0;0;NA;22.22;751.30;env B
0;0;NA;22.22;751.31;env B
0;0;NA;22.22;751.34;env B
0;0;NA;22.22;751.31;env B
0;0;NA;22.22;751.34;env B
0;0;NA;22.21;751.31;env B
0;0;NA;22.22;751.34;env B
0;0;NA;22.21;751.31;env B
0;0;NA;22.21;751.19;env B
0;0;NA;22.21;751.31;env B
0;0;NA;22.21;751.19;env B
0;0;NA;22.20;751.23;env B
0;0;NA;22.21;751.19;env B
0;0;NA;22.20;751.23;env B
0;0;NA;22.25;751.25;env B
0;0;NA;22.24;751.27;env B
0;0;NA;22.25;751.31;env B
0;0;NA;22.24;751.27;env B
0;0;NA;22.25;751.31;env B
0;0;NA;22.25;751.29;env B
0;0;NA;22.25;751.31;env B
0;0;NA;22.25;751.29;env B
0;0;NA;22.25;751.26;env B
0;0;NA;22.25;751.29;env B
0;0;NA;22.25;751.26;env B
0;0;NA;22.24;751.27;env B
0;0;NA;22.25;751.26;env B
0;0;NA;22.24;751.27;env B
0;0;NA;22.24;751.28;env B
0;0;NA;22.24;751.27;env B
0;0;NA;22.24;751.28;env B
0;0;NA;22.23;751.28;env B
0;0;NA;22.24;751.28;env B
0;0;NA;22.23;751.28;env B
0;0;NA;22.24;751.26;env B
0;0;NA;22.23;751.28;env B
0;0;NA;22.24;751.26;env B
0;0;NA;22.23;751.32;env B
0;0;NA;22.24;751.26;env B
0;0;NA;22.23;751.32;env B
0;0;NA;22.24;751.32;env B
0;0;NA;22.23;751.32;env B
0;0;NA;22.24;751.32;env B
0;0;NA;22.22;751.27;env B
0;0;NA;22.24;751.32;env B
0;0;NA;22.22;751.27;env B
0;0;NA;22.22;751.34;env B
0;0;NA;22.22;751.27;env B
0;0;NA;22.22;751.34;env B
0;0;NA;22.22;751.27;env B
0;0;NA;22.22;751.34;env B
0;0;NA;22.22;751.27;env B
0;0;NA;22.22;751.30;env B
0;0;NA;22.22;751.27;env B
0;0;NA;22.22;751.30;env B
0;0;NA;22.22;751.31;env B
0;0;NA;22.22;751.30;env B
0;0;NA;22.22;751.31;env B
0;0;NA;22.22;751.34;env B
0;0;NA;22.22;751.31;env B
0;0;NA;22.22;751.34;env B
0;0;NA;22.21;751.31;env B
0;0;NA;22.22;751.34;env B
0;0;NA;22.21;751.31;env B
0;0;NA;22.21;751.19;env B
0;0;NA;22.21;751.31;env B
0;0;NA;22.21;751.19;env B
0;0;NA;22.20;751.23;env B
0;0;NA;22.21;751.19;env B
0;0;NA;22.20;751.23;env B
0;0;NA;22.22;751.30;env B
0;0;NA;22.22;751.27;env B
0;0;NA;22.22;751.30;env B
0;0;NA;22.22;751.31;env B
0;0;NA;22.22;751.30;env B
0;0;NA;22.22;751.31;env B
0;0;NA;22.22;751.34;env B
0;0;NA;22.22;751.31;env B
0;0;NA;22.22;751.34;env B
0;0;NA;22.21;751.31;env B
0;0;NA;22.22;751.34;env B
0;0;NA;22.21;751.31;env B
0;0;NA;22.21;751.19;env B
0;0;NA;22.21;751.31;env B
0;0;NA;22.21;751.19;env B
0;0;NA;22.20;751.23;env B
0;0;NA;22.21;751.19;env B
0;0;NA;22.20;751.23;env B
0;0;NA;22.24;751.26;env B
0;0;NA;22.23;751.32;env B
0;0;NA;22.24;751.26;env B
0;0;NA;22.23;751.32;env B
0;0;NA;22.24;751.32;env B
0;0;NA;22.23;751.32;env B
0;0;NA;22.24;751.32;env B
0;0;NA;22.22;751.27;env B
0;0;NA;22.24;751.32;env B
0;0;NA;22.22;751.27;env B
0;0;NA;22.21;751.31;env B
0;0;NA;22.21;751.19;env B
0;0;NA;22.21;751.31;env B
0;0;NA;40.03;750.29;env C
0;0;NA;39.95;750.22;env C
0;0;NA;40.03;750.29;env C
0;0;NA;40.10;750.33;env C
0;0;NA;40.03;750.29;env C
0;0;NA;40.10;750.33;env C
0;0;NA;40.14;750.33;env C
0;0;NA;40.10;750.33;env C
0;0;NA;40.14;750.33;env C
0;0;NA;40.18;750.28;env C
0;0;NA;40.14;750.33;env C
0;0;NA;40.18;750.28;env C
0;0;NA;40.20;750.29;env C
0;0;NA;40.18;750.28;env C
0;0;NA;40.20;750.29;env C
0;0;NA;40.23;750.29;env C
0;0;NA;40.20;750.29;env C
0;0;NA;40.23;750.29;env C
0;0;NA;40.29;750.26;env C
0;0;NA;40.23;750.29;env C
0;0;NA;40.29;750.26;env C
0;0;NA;40.32;750.28;env C
0;0;NA;40.29;750.26;env C
0;0;NA;40.32;750.28;env C
0;0;NA;40.36;750.26;env C
0;0;NA;40.32;750.28;env C
0;0;NA;40.36;750.26;env C
0;0;NA;40.40;750.30;env C
0;0;NA;40.36;750.26;env C
0;0;NA;40.40;750.30;env C
0;0;NA;40.45;750.37;env C
0;0;NA;40.40;750.30;env C
0;0;NA;40.45;750.37;env C
0;0;NA;40.47;750.37;env C
0;0;NA;40.45;750.37;env C
0;0;NA;40.47;750.37;env C
0;0;NA;40.47;750.31;env C
0;0;NA;40.47;750.37;env C
0;0;NA;40.47;750.31;env C
0;0;NA;40.51;750.34;env C
0;0;NA;40.47;750.31;env C
0;0;NA;40.51;750.34;env C
0;0;NA;40.58;750.34;env C
0;0;NA;40.51;750.34;env C
0;0;NA;40.58;750.34;env C
0;0;NA;40.63;750.35;env C
0;0;NA;40.58;750.34;env C
0;0;NA;40.63;750.35;env C
0;0;NA;40.67;750.32;env C
0;0;NA;40.63;750.35;env C
0;0;NA;40.67;750.32;env C
0;0;NA;40.68;750.35;env C
0;0;NA;40.67;750.32;env C
0;0;NA;40.68;750.35;env C
0;0;NA;40.70;750.37;env C
0;0;NA;40.68;750.35;env C
0;0;NA;40.70;750.37;env C
0;0;NA;40.73;750.34;env C
0;0;NA;40.70;750.37;env C
0;0;NA;40.73;750.34;env C
0;0;NA;40.78;750.30;env C
0;0;NA;40.73;750.34;env C
0;0;NA;40.78;750.30;env C
0;0;NA;40.84;750.31;env C
0;0;NA;40.78;750.30;env C
0;0;NA;40.84;750.31;env C
0;0;NA;40.91;750.26;env C
0;0;NA;40.84;750.31;env C
0;0;NA;40.91;750.26;env C
0;0;NA;40.98;750.34;env C
0;0;NA;40.91;750.26;env C
0;0;NA;40.98;750.34;env C
0;0;NA;41.04;750.34;env C
0;0;NA;40.98;750.34;env C
0;0;NA;41.04;750.34;env C
0;0;NA;41.09;750.33;env C
0;0;NA;41.04;750.34;env C
0;0;NA;41.09;750.33;env C
0;0;NA;41.12;750.29;env C
0;0;NA;41.09;750.33;env C
0;0;NA;41.12;750.29;env C
0;0;NA;41.19;750.33;env C
0;0;NA;41.12;750.29;env C
0;0;NA;41.19;750.33;env C
0;0;NA;41.21;750.30;env C
0;0;NA;41.19;750.33;env C
0;0;NA;41.21;750.30;env C
0;0;NA;41.29;750.30;env C
0;0;NA;41.21;750.30;env C
0;0;NA;41.29;750.30;env C
0;0;NA;41.31;750.33;env C
0;0;NA;41.29;750.30;env C
0;0;NA;41.31;750.33;env C
0;0;NA;41.38;750.31;env C
0;0;NA;41.31;750.33;env C
0;0;NA;41.38;750.31;env C
0;0;NA;41.45;750.37;env C
0;0;NA;41.38;750.31;env C
0;0;NA;41.45;750.37;env C
0;0;NA;41.53;750.35;env C
0;0;NA;41.45;750.37;env C
0;0;NA;41.53;750.35;env C
0;0;NA;41.56;750.35;env C
0;0;NA;41.53;750.35;env C
0;0;NA;41.56;750.35;env C
0;0;NA;41.58;750.37;env C
0;0;NA;41.56;750.35;env C
0;0;NA;41.58;750.37;env C
0;0;NA;41.60;750.37;env C
0;0;NA;41.58;750.37;env C
0;0;NA;41.60;750.37;env C
0;0;NA;41.59;750.31;env C
0;0;NA;41.60;750.37;env C
0;0;NA;41.59;750.31;env C
0;0;NA;41.61;750.30;env C
0;0;NA;41.59;750.31;env C
0;0;NA;41.61;750.30;env C
0;0;NA;41.68;750.30;env C
0;0;NA;41.61;750.30;env C
0;0;NA;41.68;750.30;env C
0;0;NA;41.72;750.35;env C
0;0;NA;41.68;750.30;env C
0;0;NA;41.72;750.35;env C
0;0;NA;41.74;750.34;env C
0;0;NA;41.72;750.35;env C
0;0;NA;41.74;750.34;env C
0;0;NA;41.77;750.34;env C
0;0;NA;41.74;750.34;env C
0;0;NA;41.77;750.34;env C
0;0;NA;41.81;750.32;env C
0;0;NA;41.77;750.34;env C
0;0;NA;41.81;750.32;env C
0;0;NA;41.85;750.36;env C
0;0;NA;41.81;750.32;env C
0;0;NA;41.85;750.36;env C
0;0;NA;41.89;750.41;env C
0;0;NA;41.85;750.36;env C
0;0;NA;41.89;750.41;env C
0;0;NA;41.90;750.36;env C
0;0;NA;41.89;750.41;env C
0;0;NA;41.90;750.36;env C
0;0;NA;41.94;750.32;env C
0;0;NA;41.90;750.36;env C
0;0;NA;41.94;750.32;env C
0;0;NA;41.96;750.36;env C
0;0;NA;41.94;750.32;env C
0;0;NA;41.96;750.36;env C
0;0;NA;42.02;750.34;env C
0;0;NA;41.96;750.36;env C
0;0;NA;42.02;750.34;env C
0;0;NA;42.03;750.35;env C
0;0;NA;42.02;750.34;env C
0;0;NA;42.03;750.35;env C
0;0;NA;42.04;750.32;env C
0;0;NA;42.03;750.35;env C
0;0;NA;42.04;750.32;env C
0;0;NA;42.09;750.29;env C
0;0;NA;42.04;750.32;env C
0;0;NA;42.09;750.29;env C
0;0;NA;42.11;750.32;env C
0;0;NA;42.09;750.29;env C
0;0;NA;42.11;750.32;env C
0;0;NA;42.15;750.41;env C
0;0;NA;42.11;750.32;env C
0;0;NA;42.15;750.41;env C
0;0;NA;42.17;750.37;env C
0;0;NA;42.15;750.41;env C
0;0;NA;42.17;750.37;env C
0;0;NA;42.24;750.39;env C
0;0;NA;42.17;750.37;env C
0;0;NA;42.24;750.39;env C
0;0;NA;42.29;750.48;env C
0;0;NA;42.24;750.39;env C
0;0;NA;42.29;750.48;env C
0;0;NA;42.30;750.42;env C
0;0;NA;42.29;750.48;env C
0;0;NA;42.30;750.42;env C
0;0;NA;42.34;750.36;env C
0;0;NA;42.30;750.42;env C
0;0;NA;42.34;750.36;env C
0;0;NA;42.41;750.42;env C
0;0;NA;42.34;750.36;env C
0;0;NA;42.41;750.42;env C
0;0;NA;42.46;750.43;env C
0;0;NA;42.41;750.42;env C
0;0;NA;42.46;750.43;env C
0;0;NA;42.48;750.41;env C
0;0;NA;42.46;750.43;env C
0;0;NA;42.48;750.41;env C
0;0;NA;42.46;750.43;env C
0;0;NA;42.48;750.41;env C
0;0;NA;42.46;750.43;env C
0;0;NA;42.47;750.43;env C
0;0;NA;42.46;750.43;env C
0;0;NA;42.47;750.43;env C
0;0;NA;42.44;750.38;env C
0;0;NA;42.47;750.43;env C
0;0;NA;42.44;750.38;env C
0;0;NA;42.46;750.41;env C
0;0;NA;42.44;750.38;env C
0;0;NA;42.46;750.41;env C
0;0;NA;42.49;750.44;env C
0;0;NA;42.46;750.41;env C
0;0;NA;42.49;750.44;env C
0;0;NA;42.50;750.43;env C
0;0;NA;42.49;750.44;env C
0;0;NA;42.50;750.43;env C
0;0;NA;42.48;750.41;env C
0;0;NA;42.50;750.43;env C
0;0;NA;42.48;750.41;env C
0;0;NA;42.47;750.35;env C
0;0;NA;42.48;750.41;env C
0;0;NA;42.47;750.35;env C
0;0;NA;42.47;750.46;env C
0;0;NA;42.47;750.35;env C
0;0;NA;42.47;750.46;env C
0;0;NA;42.48;750.47;env C
0;0;NA;42.47;750.46;env C
0;0;NA;42.48;750.47;env C
0;0;NA;42.49;750.45;env C
0;0;NA;42.48;750.47;env C
0;0;NA;42.49;750.45;env C
0;0;NA;42.55;750.43;env C
0;0;NA;42.49;750.45;env C
0;0;NA;42.55;750.43;env C
0;0;NA;42.59;750.44;env C
0;0;NA;42.55;750.43;env C
0;0;NA;42.59;750.44;env C
0;0;NA;42.59;750.41;env C
0;0;NA;42.59;750.44;env C
0;0;NA;42.59;750.41;env C
0;0;NA;42.60;750.41;env C
0;0;NA;42.59;750.41;env C
0;0;NA;42.60;750.41;env C
0;0;NA;42.66;750.48;env C
0;0;NA;42.60;750.41;env C
0;0;NA;42.66;750.48;env C
0;0;NA;42.70;750.43;env C
0;0;NA;42.66;750.48;env C
0;0;NA;42.70;750.43;env C
0;0;NA;42.75;750.48;env C
0;0;NA;42.70;750.43;env C
0;0;NA;42.75;750.48;env C
0;0;NA;42.76;750.45;env C
0;0;NA;42.75;750.48;env C
0;0;NA;42.76;750.45;env C
0;0;NA;42.78;750.50;env C
0;0;NA;42.76;750.45;env C
0;0;NA;42.78;750.50;env C
0;0;NA;42.81;750.45;env C
0;0;NA;42.78;750.50;env C
0;0;NA;42.81;750.45;env C
0;0;NA;42.82;750.47;env C
0;0;NA;42.81;750.45;env C
0;0;NA;42.82;750.47;env C
0;0;NA;42.83;750.49;env C
0;0;NA;42.82;750.47;env C
0;0;NA;42.83;750.49;env C
0;0;NA;42.83;750.45;env C
0;0;NA;42.83;750.49;env C
0;0;NA;42.83;750.45;env C
0;0;NA;42.83;750.45;env C
0;0;NA;42.83;750.45;env C
0;0;NA;42.83;750.45;env C
0;0;NA;42.85;750.41;env C
0;0;NA;42.83;750.45;env C
0;0;NA;42.85;750.41;env C
0;0;NA;42.85;750.43;env C
0;0;NA;42.85;750.41;env C
0;0;NA;42.85;750.43;env C
0;0;NA;42.88;750.44;env C
0;0;NA;42.85;750.43;env C
0;0;NA;42.88;750.44;env C
0;0;NA;42.91;750.40;env C
0;0;NA;42.88;750.44;env C
0;0;NA;42.91;750.40;env C
0;0;NA;42.95;750.45;env C
0;0;NA;42.91;750.40;env C
0;0;NA;42.95;750.45;env C
0;0;NA;42.97;750.46;env C
0;0;NA;42.95;750.45;env C
0;0;NA;42.97;750.46;env C
0;0;NA;42.99;750.47;env C
0;0;NA;42.97;750.46;env C
0;0;NA;42.99;750.47;env C
0;0;NA;43.00;750.44;env C
0;0;NA;42.99;750.47;env C
0;0;NA;43.00;750.44;env C
0;0;NA;43.02;750.44;env C
0;0;NA;43.00;750.44;env C
0;0;NA;43.02;750.44;env C
0;0;NA;43.06;750.52;env C
0;0;NA;43.02;750.44;env C
0;0;NA;43.06;750.52;env C
0;0;NA;43.08;750.50;env C
0;0;NA;43.06;750.52;env C
0;0;NA;43.08;750.50;env C
0;0;NA;43.06;750.44;env C
0;0;NA;43.08;750.50;env C
0;0;NA;43.06;750.44;env C
0;0;NA;43.07;750.48;env C
0;0;NA;43.06;750.44;env C
0;0;NA;43.07;750.48;env C
0;0;NA;43.06;750.47;env C
0;0;NA;43.07;750.48;env C
0;0;NA;43.06;750.47;env C
0;0;NA;43.04;750.48;env C
0;0;NA;43.06;750.47;env C
0;0;NA;43.04;750.48;env C
0;0;NA;43.09;750.48;env C
0;0;NA;43.04;750.48;env C
0;0;NA;43.09;750.48;env C
0;0;NA;43.07;750.46;env C
0;0;NA;43.09;750.48;env C
0;0;NA;43.07;750.46;env C
0;0;NA;43.08;750.46;env C
0;0;NA;43.07;750.46;env C
0;0;NA;43.08;750.46;env C
0;0;NA;43.10;750.48;env C
0;0;NA;43.08;750.46;env C
0;0;NA;43.10;750.48;env C
0;0;NA;43.14;750.49;env C
0;0;NA;43.10;750.48;env C
0;0;NA;43.14;750.49;env C
0;0;NA;43.15;750.52;env C
0;0;NA;43.14;750.49;env C
0;0;NA;43.15;750.52;env C
0;0;NA;43.11;750.49;env C
0;0;NA;43.15;750.52;env C
0;0;NA;43.11;750.49;env C
0;0;NA;43.10;750.48;env C
0;0;NA;43.11;750.49;env C
0;0;NA;43.10;750.48;env C
0;0;NA;43.12;750.46;env C
0;0;NA;43.10;750.48;env C
0;0;NA;43.12;750.46;env C
0;0;NA;43.13;750.48;env C
0;0;NA;43.12;750.46;env C
0;0;NA;43.13;750.48;env C
0;0;NA;43.15;750.45;env C
0;0;NA;43.13;750.48;env C
0;0;NA;43.15;750.45;env C
0;0;NA;43.18;750.50;env C
0;0;NA;43.15;750.45;env C
0;0;NA;43.18;750.50;env C
0;0;NA;43.20;750.47;env C
0;0;NA;43.18;750.50;env C
0;0;NA;43.20;750.47;env C
0;0;NA;43.20;750.47;env C
0;0;NA;43.20;750.47;env C
0;0;NA;43.20;750.47;env C
0;0;NA;43.24;750.51;env C
0;0;NA;43.20;750.47;env C
0;0;NA;43.24;750.51;env C
0;0;NA;43.30;750.51;env C
0;0;NA;43.24;750.51;env C
0;0;NA;43.30;750.51;env C
0;0;NA;43.33;750.48;env C
0;0;NA;43.30;750.51;env C
0;0;NA;43.33;750.48;env C
0;0;NA;43.37;750.50;env C
0;0;NA;43.33;750.48;env C
0;0;NA;43.37;750.50;env C
0;0;NA;43.39;750.48;env C
0;0;NA;43.37;750.50;env C
0;0;NA;43.39;750.48;env C
0;0;NA;43.38;750.49;env C
0;0;NA;43.39;750.48;env C
0;0;NA;43.38;750.49;env C
0;0;NA;43.40;750.46;env C
0;0;NA;43.38;750.49;env C
0;0;NA;43.40;750.46;env C
0;0;NA;43.45;750.47;env C
0;0;NA;43.40;750.46;env C
0;0;NA;43.45;750.47;env C
0;0;NA;43.48;750.52;env C
0;0;NA;43.45;750.47;env C
0;0;NA;43.48;750.52;env C
0;0;NA;43.46;750.45;env C
0;0;NA;43.48;750.52;env C
0;0;NA;43.46;750.45;env C
0;0;NA;43.46;750.40;env C
0;0;NA;43.46;750.45;env C
0;0;NA;43.46;750.40;env C
0;0;NA;43.48;750.42;env C
0;0;NA;43.46;750.40;env C
0;0;NA;43.48;750.42;env C
0;0;NA;43.50;750.44;env C
0;0;NA;43.48;750.42;env C
0;0;NA;43.50;750.44;env C
0;0;NA;43.53;750.41;env C
0;0;NA;43.50;750.44;env C
0;0;NA;43.53;750.41;env C
0;0;NA;43.54;750.45;env C
0;0;NA;43.53;750.41;env C
0;0;NA;43.54;750.45;env C
0;0;NA;43.55;750.44;env C
0;0;NA;43.54;750.45;env C
0;0;NA;43.55;750.44;env C
0;0;NA;43.57;750.49;env C
0;0;NA;43.55;750.44;env C
0;0;NA;43.57;750.49;env C
0;0;NA;43.57;750.47;env C
0;0;NA;43.57;750.49;env C
0;0;NA;43.57;750.47;env C
0;0;NA;43.62;750.51;env C
0;0;NA;43.57;750.47;env C
0;0;NA;43.62;750.51;env C
0;0;NA;43.64;750.50;env C
0;0;NA;43.62;750.51;env C
0;0;NA;43.64;750.50;env C
0;0;NA;43.66;750.49;env C
0;0;NA;43.64;750.50;env C
0;0;NA;43.66;750.49;env C
0;0;NA;43.70;750.44;env C
0;0;NA;43.66;750.49;env C
0;0;NA;43.70;750.44;env C
0;0;NA;43.69;750.43;env C
0;0;NA;43.70;750.44;env C
0;0;NA;43.69;750.43;env C
0;0;NA;43.71;750.43;env C
0;0;NA;43.69;750.43;env C
0;0;NA;43.71;750.43;env C
0;0;NA;43.74;750.45;env C
0;0;NA;43.71;750.43;env C
0;0;NA;43.74;750.45;env C
0;0;NA;43.78;750.51;env C
0;0;NA;43.74;750.45;env C
0;0;NA;43.78;750.51;env C
0;0;NA;43.81;750.49;env C
0;0;NA;43.78;750.51;env C
0;0;NA;43.81;750.49;env C
0;0;NA;43.78;750.44;env C
0;0;NA;43.81;750.49;env C
0;0;NA;43.78;750.44;env C
0;0;NA;43.81;750.51;env C
0;0;NA;43.78;750.44;env C
0;0;NA;43.81;750.51;env C
0;0;NA;43.81;750.47;env C
0;0;NA;43.81;750.51;env C
0;0;NA;43.81;750.47;env C
0;0;NA;43.81;750.49;env C
0;0;NA;43.81;750.47;env C
0;0;NA;43.81;750.49;env C
0;0;NA;43.82;750.48;env C
0;0;NA;43.81;750.49;env C
0;0;NA;43.82;750.48;env C
0;0;NA;43.85;750.51;env C
0;0;NA;43.82;750.48;env C
0;0;NA;43.85;750.51;env C
0;0;NA;43.87;750.52;env C
0;0;NA;43.85;750.51;env C
0;0;NA;43.87;750.52;env C
0;0;NA;43.90;750.47;env C
0;0;NA;43.87;750.52;env C
0;0;NA;43.90;750.47;env C
0;0;NA;43.89;750.45;env C
0;0;NA;43.90;750.47;env C
0;0;NA;43.89;750.45;env C
0;0;NA;43.92;750.48;env C
0;0;NA;43.89;750.45;env C
0;0;NA;43.92;750.48;env C
0;0;NA;43.95;750.46;env C
0;0;NA;43.92;750.48;env C
0;0;NA;43.95;750.46;env C
0;0;NA;43.97;750.46;env C
0;0;NA;43.95;750.46;env C
0;0;NA;43.97;750.46;env C
0;0;NA;43.95;750.46;env C
0;0;NA;43.97;750.46;env C
0;0;NA;43.95;750.46;env C
0;0;NA;43.98;750.43;env C
0;0;NA;43.95;750.46;env C
0;0;NA;43.98;750.43;env C
0;0;NA;44.00;750.49;env C
0;0;NA;43.98;750.43;env C
0;0;NA;44.00;750.49;env C
0;0;NA;44.03;750.44;env C
0;0;NA;44.00;750.49;env C
0;0;NA;44.03;750.44;env C
0;0;NA;44.02;750.44;env C
0;0;NA;44.03;750.44;env C
0;0;NA;44.02;750.44;env C
0;0;NA;44.02;750.44;env C
0;0;NA;44.02;750.44;env C
0;0;NA;44.02;750.44;env C
0;0;NA;44.07;750.50;env C
0;0;NA;44.02;750.44;env C
0;0;NA;44.07;750.50;env C
0;0;NA;44.11;750.48;env C
0;0;NA;44.07;750.50;env C
0;0;NA;44.11;750.48;env C
0;0;NA;44.11;750.49;env C
0;0;NA;44.11;750.48;env C
0;0;NA;44.11;750.49;env C
0;0;NA;44.11;750.48;env C
0;0;NA;44.11;750.49;env C
0;0;NA;44.11;750.48;env C
0;0;NA;44.13;750.45;env C
0;0;NA;44.11;750.48;env C
0;0;NA;44.13;750.45;env C
0;0;NA;44.16;750.46;env C
0;0;NA;44.13;750.45;env C
0;0;NA;44.16;750.46;env C
0;0;NA;44.19;750.46;env C
0;0;NA;44.16;750.46;env C
0;0;NA;44.19;750.46;env C
0;0;NA;44.20;750.47;env C
0;0;NA;44.19;750.46;env C
0;0;NA;44.20;750.47;env C
0;0;NA;44.23;750.48;env C
0;0;NA;44.20;750.47;env C
0;0;NA;44.23;750.48;env C
0;0;NA;44.26;750.51;env C
0;0;NA;44.23;750.48;env C
0;0;NA;44.26;750.51;env C
0;0;NA;44.28;750.51;env C
0;0;NA;44.26;750.51;env C
0;0;NA;44.28;750.51;env C
0;0;NA;44.29;750.49;env C
0;0;NA;44.28;750.51;env C
0;0;NA;44.29;750.49;env C
0;0;NA;44.31;750.47;env C
0;0;NA;44.29;750.49;env C
0;0;NA;44.31;750.47;env C
0;0;NA;44.31;750.38;env C
0;0;NA;44.31;750.47;env C
0;0;NA;44.31;750.38;env C
0;0;NA;44.34;750.50;env C
0;0;NA;44.31;750.38;env C
0;0;NA;44.34;750.50;env C
0;0;NA;44.40;750.54;env C
0;0;NA;44.34;750.50;env C
0;0;NA;44.40;750.54;env C
0;0;NA;44.43;750.48;env C
0;0;NA;44.40;750.54;env C
0;0;NA;44.43;750.48;env C
0;0;NA;44.46;750.44;env C
0;0;NA;44.43;750.48;env C
0;0;NA;44.46;750.44;env C
0;0;NA;44.50;750.45;env C
0;0;NA;44.46;750.44;env C
0;0;NA;44.50;750.45;env C
0;0;NA;44.54;750.49;env C
0;0;NA;44.50;750.45;env C
0;0;NA;44.54;750.49;env C
0;0;NA;44.56;750.48;env C
0;0;NA;44.54;750.49;env C
0;0;NA;44.56;750.48;env C
0;0;NA;44.56;750.43;env C
0;0;NA;44.56;750.48;env C
0;0;NA;44.56;750.43;env C
0;0;NA;44.60;750.50;env C
0;0;NA;44.56;750.43;env C
0;0;NA;44.60;750.50;env C
0;0;NA;44.62;750.54;env C
0;0;NA;44.60;750.50;env C
0;0;NA;44.62;750.54;env C
0;0;NA;44.66;750.46;env C
0;0;NA;44.62;750.54;env C
0;0;NA;44.66;750.46;env C
0;0;NA;44.69;750.51;env C
0;0;NA;44.66;750.46;env C
0;0;NA;44.69;750.51;env C
0;0;NA;44.70;750.52;env C
0;0;NA;44.69;750.51;env C
0;0;NA;44.70;750.52;env C
0;0;NA;44.71;750.51;env C
0;0;NA;44.70;750.52;env C
0;0;NA;44.71;750.51;env C
0;0;NA;44.71;750.52;env C
0;0;NA;44.71;750.51;env C
0;0;NA;44.71;750.52;env C
0;0;NA;44.73;750.46;env C
0;0;NA;44.71;750.52;env C
0;0;NA;44.73;750.46;env C
0;0;NA;44.74;750.51;env C
0;0;NA;44.73;750.46;env C
0;0;NA;44.74;750.51;env C
0;0;NA;44.79;750.56;env C
0;0;NA;44.74;750.51;env C
0;0;NA;44.79;750.56;env C
0;0;NA;44.81;750.51;env C
0;0;NA;44.79;750.56;env C
0;0;NA;44.81;750.51;env C
0;0;NA;44.81;750.46;env C
0;0;NA;44.81;750.51;env C
0;0;NA;44.81;750.46;env C
0;0;NA;44.82;750.46;env C
0;0;NA;44.81;750.46;env C
0;0;NA;44.82;750.46;env C
0;0;NA;44.83;750.47;env C
0;0;NA;44.82;750.46;env C
0;0;NA;44.83;750.47;env C
0;0;NA;44.84;750.44;env C
0;0;NA;44.83;750.47;env C
0;0;NA;44.84;750.44;env C
0;0;NA;44.85;750.49;env C
0;0;NA;44.84;750.44;env C
0;0;NA;44.85;750.49;env C
0;0;NA;44.86;750.49;env C
0;0;NA;44.85;750.49;env C
0;0;NA;44.86;750.49;env C
0;0;NA;44.90;750.55;env C
0;0;NA;44.86;750.49;env C
0;0;NA;44.90;750.55;env C
0;0;NA;44.90;750.56;env C
0;0;NA;44.90;750.55;env C
0;0;NA;44.90;750.56;env C
0;0;NA;44.90;750.48;env C
0;0;NA;44.90;750.56;env C
0;0;NA;44.90;750.48;env C
0;0;NA;44.92;750.47;env C
0;0;NA;44.90;750.48;env C
0;0;NA;44.92;750.47;env C
0;0;NA;44.93;750.49;env C
0;0;NA;44.92;750.47;env C
0;0;NA;44.93;750.49;env C
0;0;NA;44.99;750.43;env C
0;0;NA;44.93;750.49;env C
0;0;NA;44.99;750.43;env C
0;0;NA;45.01;750.43;env C
0;0;NA;44.99;750.43;env C
0;0;NA;45.01;750.43;env C
0;0;NA;45.07;750.51;env C
0;0;NA;45.01;750.43;env C
0;0;NA;45.07;750.51;env C
0;0;NA;45.09;750.54;env C
0;0;NA;45.07;750.51;env C
0;0;NA;45.09;750.54;env C
0;0;NA;45.09;750.49;env C
0;0;NA;45.09;750.54;env C
0;0;NA;45.09;750.49;env C
0;0;NA;45.08;750.46;env C
0;0;NA;45.09;750.49;env C
0;0;NA;45.08;750.46;env C
0;0;NA;45.09;750.51;env C
0;0;NA;45.08;750.46;env C
0;0;NA;45.09;750.51;env C
0;0;NA;45.12;750.53;env C
0;0;NA;45.09;750.51;env C
0;0;NA;45.12;750.53;env C
0;0;NA;45.09;750.47;env C
0;0;NA;45.12;750.53;env C
0;0;NA;45.09;750.47;env C
0;0;NA;45.08;750.54;env C
0;0;NA;45.09;750.47;env C
0;0;NA;45.08;750.54;env C
0;0;NA;45.08;750.53;env C
0;0;NA;45.08;750.54;env C
0;0;NA;45.08;750.53;env C
0;0;NA;45.04;750.48;env C
0;0;NA;45.08;750.53;env C
0;0;NA;45.04;750.48;env C
0;0;NA;45.02;750.43;env C
0;0;NA;45.04;750.48;env C
0;0;NA;45.02;750.43;env C
0;0;NA;45.03;750.54;env C
0;0;NA;45.02;750.43;env C
0;0;NA;45.03;750.54;env C
0;0;NA;45.05;750.50;env C
0;0;NA;45.03;750.54;env C
0;0;NA;45.05;750.50;env C
0;0;NA;45.10;750.57;env C
0;0;NA;45.05;750.50;env C
0;0;NA;45.10;750.57;env C
0;0;NA;45.09;750.53;env C
0;0;NA;45.10;750.57;env C
0;0;NA;45.09;750.53;env C
0;0;NA;45.15;750.55;env C
0;0;NA;45.09;750.53;env C
0;0;NA;45.15;750.55;env C
0;0;NA;45.18;750.56;env C
0;0;NA;45.15;750.55;env C
0;0;NA;45.18;750.56;env C
0;0;NA;45.19;750.56;env C
0;0;NA;45.18;750.56;env C
0;0;NA;45.19;750.56;env C
0;0;NA;45.18;750.54;env C
0;0;NA;45.19;750.56;env C
0;0;NA;45.18;750.54;env C
0;0;NA;45.17;750.55;env C
0;0;NA;45.18;750.54;env C
0;0;NA;45.17;750.55;env C
0;0;NA;45.15;750.58;env C
0;0;NA;45.17;750.55;env C
0;0;NA;45.15;750.58;env C
0;0;NA;45.16;750.55;env C
0;0;NA;45.15;750.58;env C
0;0;NA;45.16;750.55;env C
0;0;NA;45.17;750.50;env C
0;0;NA;45.16;750.55;env C
0;0;NA;45.17;750.50;env C
0;0;NA;45.19;750.55;env C
0;0;NA;45.17;750.50;env C
0;0;NA;45.19;750.55;env C
0;0;NA;45.18;750.52;env C
0;0;NA;45.19;750.55;env C
0;0;NA;45.18;750.52;env C
0;0;NA;45.19;750.56;env C
0;0;NA;45.18;750.52;env C
0;0;NA;45.19;750.56;env C
0;0;NA;45.20;750.53;env C
0;0;NA;45.19;750.56;env C
0;0;NA;45.20;750.53;env C
0;0;NA;45.20;750.54;env C
0;0;NA;45.20;750.53;env C
0;0;NA;45.20;750.54;env C
0;0;NA;45.19;750.47;env C
0;0;NA;45.20;750.54;env C
0;0;NA;45.19;750.47;env C
